{
    "loss": 2.720754384994507,
    "accuracy": 0.5948275923728943
}